{
  "Workflows": [
    {
      "Path": null,
      "SortBy": 0,
      "VariablesSectionElementsOrder": [],
      "ArgumentsSectionElementsOrder": null,
      "ConstantsSectionElementsOrder": [],
      "AddedNamespaces": null
    },
    {
      "Path": "Main.xaml",
      "SortBy": 0,
      "VariablesSectionElementsOrder": [
        "pathExcel&Sequence_1",
        "nombreHoja&Sequence_1"
      ],
      "ArgumentsSectionElementsOrder": [
        "nombreHoja",
        "pathExcel"
      ],
      "ConstantsSectionElementsOrder": [],
      "AddedNamespaces": null
    },
    {
      "Path": "Dispatcher.xaml",
      "SortBy": 0,
      "VariablesSectionElementsOrder": [
        "datosExcel&Sequence_1"
      ],
      "ArgumentsSectionElementsOrder": [
        "nombreHoja",
        "pathExcel"
      ],
      "ConstantsSectionElementsOrder": [],
      "AddedNamespaces": null
    }
  ]
}