{
  "Workflows": [
    {
      "Path": null,
      "SortBy": 0,
      "VariablesSectionElementsOrder": [],
      "ArgumentsSectionElementsOrder": null,
      "ConstantsSectionElementsOrder": [],
      "AddedNamespaces": null
    },
    {
      "Path": "Main.xaml",
      "SortBy": 0,
      "VariablesSectionElementsOrder": [
        "TransactionItem&StateMachine_1",
        "SystemException&StateMachine_1",
        "BusinessException&StateMachine_1",
        "TransactionNumber&StateMachine_1",
        "Config&StateMachine_1",
        "RetryNumber&StateMachine_1",
        "TransactionField2&StateMachine_1",
        "TransactionField1&StateMachine_1",
        "TransactionID&StateMachine_1",
        "dt_TransactionData&StateMachine_1",
        "ConsecutiveSystemExceptions&StateMachine_1",
        "ShouldStop&Sequence_25"
      ],
      "ArgumentsSectionElementsOrder": [
        "in_OrchestratorQueueName",
        "in_OrchestratorQueueFolder"
      ],
      "ConstantsSectionElementsOrder": [],
      "AddedNamespaces": null
    },
    {
      "Path": "Framework/InitAllSettings.xaml",
      "SortBy": 0,
      "VariablesSectionElementsOrder": [
        "dt_SettingsAndConstants&Sequence_5",
        "dt_Assets&Sequence_6",
        "AssetValue&Sequence_11"
      ],
      "ArgumentsSectionElementsOrder": [
        "in_ConfigFile",
        "in_ConfigSheets",
        "out_Config"
      ],
      "ConstantsSectionElementsOrder": [],
      "AddedNamespaces": null
    },
    {
      "Path": "Framework/KillAllProcesses.xaml",
      "SortBy": 0,
      "VariablesSectionElementsOrder": [],
      "ArgumentsSectionElementsOrder": [],
      "ConstantsSectionElementsOrder": [],
      "AddedNamespaces": null
    },
    {
      "Path": "Framework/InitAllApplications.xaml",
      "SortBy": 0,
      "VariablesSectionElementsOrder": [],
      "ArgumentsSectionElementsOrder": [
        "in_Config"
      ],
      "ConstantsSectionElementsOrder": [],
      "AddedNamespaces": null
    },
    {
      "Path": "Framework/GetTransactionData.xaml",
      "SortBy": 0,
      "VariablesSectionElementsOrder": [],
      "ArgumentsSectionElementsOrder": [
        "in_TransactionNumber",
        "in_Config",
        "out_TransactionItem",
        "out_TransactionField1",
        "out_TransactionField2",
        "out_TransactionID",
        "io_dt_TransactionData"
      ],
      "ConstantsSectionElementsOrder": [],
      "AddedNamespaces": null
    },
    {
      "Path": "Framework/Process.xaml",
      "SortBy": 0,
      "VariablesSectionElementsOrder": [
        "Url_Google&Sequence_1",
        "Url_Transparencia&Sequence_1",
        "Url_Dea&Sequence_1",
        "Url_Interpol&Sequence_1",
        "Url&Sequence_1",
        "Url_Ofac&Sequence_1",
        "Path_Evidencias&Sequence_1",
        "path_Construido&Sequence_1",
        "nombreAsset&Sequence_1",
        "usuario&Sequence_1",
        "Path_File&Sequence_1"
      ],
      "ArgumentsSectionElementsOrder": [
        "in_TransactionItem",
        "in_Config"
      ],
      "ConstantsSectionElementsOrder": [],
      "AddedNamespaces": null
    },
    {
      "Path": "Framework/SetTransactionStatus.xaml",
      "SortBy": 0,
      "VariablesSectionElementsOrder": [
        "QueueRetry&Sequence_17",
        "ScreenshotPath&Sequence_17"
      ],
      "ArgumentsSectionElementsOrder": [
        "in_BusinessException",
        "in_TransactionField1",
        "in_TransactionField2",
        "in_TransactionID",
        "in_SystemException",
        "in_Config",
        "in_TransactionItem",
        "io_RetryNumber",
        "io_TransactionNumber",
        "io_ConsecutiveSystemExceptions"
      ],
      "ConstantsSectionElementsOrder": [],
      "AddedNamespaces": null
    },
    {
      "Path": "Workflows/Calcular rutas/Calcular_Paths.xaml",
      "SortBy": 0,
      "VariablesSectionElementsOrder": [
        "usuario&Sequence_1",
        "Path_Origen&Sequence_1"
      ],
      "ArgumentsSectionElementsOrder": [
        "Path_Evidencias_PLD",
        "path_Construido"
      ],
      "ConstantsSectionElementsOrder": [],
      "AddedNamespaces": null
    },
    {
      "Path": "Workflows/Ofac/Main.xaml",
      "SortBy": 0,
      "VariablesSectionElementsOrder": [
        "resultadoBusqueda&Sequence_1",
        "urlOfac&Sequence_1",
        "urlPersona&Sequence_1"
      ],
      "ArgumentsSectionElementsOrder": [
        "nombre",
        "apellido",
        "pathDirectorioRaiz",
        "subcarpeta"
      ],
      "ConstantsSectionElementsOrder": [],
      "AddedNamespaces": null
    },
    {
      "Path": "Workflows/Ofac/Main_Ofac.xaml",
      "SortBy": 0,
      "VariablesSectionElementsOrder": [
        "resultadoBusqueda&Sequence_1",
        "urlPersona&Sequence_1"
      ],
      "ArgumentsSectionElementsOrder": [
        "urlOfac",
        "nombre",
        "apellido",
        "pathDirectorioRaiz",
        "subcarpeta"
      ],
      "ConstantsSectionElementsOrder": [],
      "AddedNamespaces": null
    },
    {
      "Path": "Workflows/Interpol/Main_Interpol.xaml",
      "SortBy": 0,
      "VariablesSectionElementsOrder": [
        "textoSalida&Sequence_1"
      ],
      "ArgumentsSectionElementsOrder": [
        "urlInterpol",
        "nombre",
        "apellido",
        "pathDirectorioRaiz",
        "subcarpeta"
      ],
      "ConstantsSectionElementsOrder": [],
      "AddedNamespaces": null
    },
    {
      "Path": "Workflows/Dea/Main_Dea.xaml",
      "SortBy": 0,
      "VariablesSectionElementsOrder": [
        "resultadoBusqueda&Sequence_1",
        "Prueba&Sequence_1",
        "urlSalida&Sequence_1"
      ],
      "ArgumentsSectionElementsOrder": [
        "urlDEA",
        "nombre",
        "apellido",
        "subcarpeta",
        "pathDirectorioRaiz"
      ],
      "ConstantsSectionElementsOrder": [],
      "AddedNamespaces": null
    },
    {
      "Path": "Workflows/Transparencia/Main_Transparencia.xaml",
      "SortBy": 0,
      "VariablesSectionElementsOrder": [
        "resultadoBusqueda&Sequence_1"
      ],
      "ArgumentsSectionElementsOrder": [
        "urlTransparencia",
        "pathDirectorioRaiz",
        "subcarpeta",
        "nombre",
        "apellido"
      ],
      "ConstantsSectionElementsOrder": [],
      "AddedNamespaces": null
    },
    {
      "Path": "Workflows/Google/Main_Google.xaml",
      "SortBy": 0,
      "VariablesSectionElementsOrder": [
        "ExtractDataTable&Sequence_1",
        "conCoincidencia&Sequence_1",
        "sinCoincidencia&Sequence_1",
        "urlConsultar&Sequence_1",
        "urlActual&Sequence_1"
      ],
      "ArgumentsSectionElementsOrder": [
        "urlGoogle",
        "pathDirectorioRaiz",
        "subcarpeta",
        "nombreEmpresa"
      ],
      "ConstantsSectionElementsOrder": [],
      "AddedNamespaces": null
    }
  ]
}